"SN";"Name";"x";"y";"z";"class"
1;"1.2.840.113654.2.55_1.jpg";131.542;349.557;117.998;"subsolid"
2;"1.2.840.113654.2.55_3.jpg";195.767;157.029;100.539;"subsolid"
3;"1.2.840.113654.2.55_2.jpg";93.632;192.515;114.223;"solid"
4;"1.3.6.1.4.1.14519.5.2.1.7009.9004.177993768302042907657454665037.jpg";475.596;248.747;41.268;"solid"
